{"cameraMode":{"drawMode":0,"name":"Shaded","section":"Shading Mode"},"sceneLighting":true,"audioPlay":false,"sceneViewState":{"m_AlwaysRefresh":false,"showFog":true,"showSkybox":true,"showFlares":true,"showImageEffects":true,"showParticleSystems":true,"showVisualEffectGraphs":true,"m_FxEnabled":true},"in2DMode":false,"pivot":{"x":1.5991628170013428,"y":-1.7895970344543458,"z":-23.286457061767579},"rotation":{"x":0.00013012201816309243,"y":0.9973874688148499,"z":-0.07224662601947785,"w":0.001796423806808889},"size":25.353317260742189,"orthographic":false}